[2026-06-10T09:48:44.897+0000] {manager.py:469} INFO - Processing files using up to 2 processes at a time 
[2026-06-10T09:48:44.902+0000] {manager.py:470} INFO - Process each file at most once every 30 seconds
[2026-06-10T09:48:44.902+0000] {manager.py:471} INFO - Checking for new files in /opt/airflow/dags every 300 seconds
[2026-06-10T09:48:44.903+0000] {manager.py:738} INFO - Searching for files in /opt/airflow/dags
[2026-06-10T09:48:44.924+0000] {manager.py:741} INFO - There are 1 files in /opt/airflow/dags
[2026-06-10T09:48:45.133+0000] {manager.py:879} INFO - 
================================================================================
DAG File Processing Stats

File Path                            PID  Runtime      # DAGs    # Errors  Last Runtime    Last Run
---------------------------------  -----  ---------  --------  ----------  --------------  ----------
/opt/airflow/dags/followup_dag.py    184  0.07s             0           0
================================================================================
[2026-06-10T09:49:15.331+0000] {manager.py:879} INFO - 
================================================================================
DAG File Processing Stats

File Path                          PID    Runtime      # DAGs    # Errors  Last Runtime    Last Run
---------------------------------  -----  ---------  --------  ----------  --------------  -------------------
/opt/airflow/dags/followup_dag.py                           2           0  6.67s           2026-06-10T09:48:51
================================================================================
[2026-06-10T09:49:45.702+0000] {manager.py:879} INFO - 
================================================================================
DAG File Processing Stats

File Path                          PID    Runtime      # DAGs    # Errors  Last Runtime    Last Run
---------------------------------  -----  ---------  --------  ----------  --------------  -------------------
/opt/airflow/dags/followup_dag.py                           2           0  1.94s           2026-06-10T09:49:23
================================================================================
[2026-06-10T09:50:16.397+0000] {manager.py:879} INFO - 
================================================================================
DAG File Processing Stats

File Path                          PID    Runtime      # DAGs    # Errors  Last Runtime    Last Run
---------------------------------  -----  ---------  --------  ----------  --------------  -------------------
/opt/airflow/dags/followup_dag.py                           2           0  19.97s          2026-06-10T09:50:14
================================================================================
[2026-06-10T09:50:51.987+0000] {manager.py:879} INFO - 
================================================================================
DAG File Processing Stats

File Path                            PID  Runtime      # DAGs    # Errors  Last Runtime    Last Run
---------------------------------  -----  ---------  --------  ----------  --------------  -------------------
/opt/airflow/dags/followup_dag.py    203  2.82s             2           0  19.97s          2026-06-10T09:50:14
================================================================================
[2026-06-10T09:51:23.144+0000] {manager.py:879} INFO - 
================================================================================
DAG File Processing Stats

File Path                            PID  Runtime      # DAGs    # Errors  Last Runtime    Last Run
---------------------------------  -----  ---------  --------  ----------  --------------  -------------------
/opt/airflow/dags/followup_dag.py    203  35.09s            2           0  19.97s          2026-06-10T09:50:14
================================================================================
[2026-06-10T09:51:54.484+0000] {manager.py:879} INFO - 
================================================================================
DAG File Processing Stats

File Path                          PID    Runtime      # DAGs    # Errors  Last Runtime    Last Run
---------------------------------  -----  ---------  --------  ----------  --------------  -------------------
/opt/airflow/dags/followup_dag.py                           2           0  38.28s          2026-06-10T09:51:26
================================================================================
[2026-06-10T10:26:18.692+0000] {manager.py:738} INFO - Searching for files in /opt/airflow/dags
[2026-06-10T10:51:25.898+0000] {manager.py:741} INFO - There are 1 files in /opt/airflow/dags
[2026-06-10T10:51:26.503+0000] {manager.py:1201} ERROR - Processor for /opt/airflow/dags/followup_dag.py with PID 209 started at 2026-06-10T09:51:56.908234+00:00 has timed out, killing it.
[2026-06-10T10:51:26.810+0000] {manager.py:738} INFO - Searching for files in /opt/airflow/dags
[2026-06-10T10:51:26.888+0000] {manager.py:741} INFO - There are 1 files in /opt/airflow/dags
[2026-06-10T10:51:33.010+0000] {manager.py:879} INFO - 
================================================================================
DAG File Processing Stats

File Path                          PID    Runtime      # DAGs    # Errors  Last Runtime    Last Run
---------------------------------  -----  ---------  --------  ----------  --------------  -------------------
/opt/airflow/dags/followup_dag.py                           0           1  3569.59s        2026-06-10T10:51:26
================================================================================
[2026-06-10T10:52:06.092+0000] {manager.py:879} INFO - 
================================================================================
DAG File Processing Stats

File Path                            PID  Runtime      # DAGs    # Errors  Last Runtime    Last Run
---------------------------------  -----  ---------  --------  ----------  --------------  -------------------
/opt/airflow/dags/followup_dag.py    215  6.61s             0           1  3569.59s        2026-06-10T10:51:26
================================================================================
[2026-06-10T10:54:53.415+0000] {manager.py:1201} ERROR - Processor for /opt/airflow/dags/followup_dag.py with PID 215 started at 2026-06-10T10:51:58.619053+00:00 has timed out, killing it.
[2026-06-10T10:54:53.689+0000] {manager.py:879} INFO - 
================================================================================
DAG File Processing Stats

File Path                          PID    Runtime      # DAGs    # Errors  Last Runtime    Last Run
---------------------------------  -----  ---------  --------  ----------  --------------  -------------------
/opt/airflow/dags/followup_dag.py                           0           1  174.67s         2026-06-10T10:54:53
================================================================================
[2026-06-10T10:55:23.822+0000] {manager.py:879} INFO - 
================================================================================
DAG File Processing Stats

File Path                            PID  Runtime      # DAGs    # Errors  Last Runtime    Last Run
---------------------------------  -----  ---------  --------  ----------  --------------  -------------------
/opt/airflow/dags/followup_dag.py    218  0.02s             0           1  174.67s         2026-06-10T10:54:53
================================================================================
[2026-06-10T10:55:54.172+0000] {manager.py:879} INFO - 
================================================================================
DAG File Processing Stats

File Path                          PID    Runtime      # DAGs    # Errors  Last Runtime    Last Run
---------------------------------  -----  ---------  --------  ----------  --------------  -------------------
/opt/airflow/dags/followup_dag.py                           2           0  6.64s           2026-06-10T10:55:30
================================================================================
[2026-06-10T10:56:00.714+0000] {manager.py:451} INFO - Exiting gracefully upon receiving signal 15
[2026-06-10T10:57:23.786+0000] {manager.py:469} INFO - Processing files using up to 2 processes at a time 
[2026-06-10T10:57:23.787+0000] {manager.py:470} INFO - Process each file at most once every 30 seconds
[2026-06-10T10:57:23.788+0000] {manager.py:471} INFO - Checking for new files in /opt/airflow/dags every 300 seconds
[2026-06-10T10:57:23.789+0000] {manager.py:738} INFO - Searching for files in /opt/airflow/dags
[2026-06-10T10:57:23.825+0000] {manager.py:741} INFO - There are 1 files in /opt/airflow/dags
[2026-06-10T10:57:24.044+0000] {manager.py:879} INFO - 
================================================================================
DAG File Processing Stats

File Path                            PID  Runtime      # DAGs    # Errors  Last Runtime    Last Run
---------------------------------  -----  ---------  --------  ----------  --------------  ----------
/opt/airflow/dags/followup_dag.py    186  0.11s             0           0
================================================================================
[2026-06-10T10:57:54.283+0000] {manager.py:879} INFO - 
================================================================================
DAG File Processing Stats

File Path                          PID    Runtime      # DAGs    # Errors  Last Runtime    Last Run
---------------------------------  -----  ---------  --------  ----------  --------------  -------------------
/opt/airflow/dags/followup_dag.py                           2           0  3.17s           2026-06-10T10:57:27
================================================================================
[2026-06-10T10:58:24.312+0000] {manager.py:879} INFO - 
================================================================================
DAG File Processing Stats

File Path                          PID    Runtime      # DAGs    # Errors  Last Runtime    Last Run
---------------------------------  -----  ---------  --------  ----------  --------------  -------------------
/opt/airflow/dags/followup_dag.py                           2           0  0.82s           2026-06-10T10:57:58
================================================================================
[2026-06-10T10:58:54.542+0000] {manager.py:879} INFO - 
================================================================================
DAG File Processing Stats

File Path                          PID    Runtime      # DAGs    # Errors  Last Runtime    Last Run
---------------------------------  -----  ---------  --------  ----------  --------------  -------------------
/opt/airflow/dags/followup_dag.py                           2           0  0.98s           2026-06-10T10:58:29
================================================================================
[2026-06-10T10:59:24.813+0000] {manager.py:879} INFO - 
================================================================================
DAG File Processing Stats

File Path                          PID    Runtime      # DAGs    # Errors  Last Runtime    Last Run
---------------------------------  -----  ---------  --------  ----------  --------------  -------------------
/opt/airflow/dags/followup_dag.py                           2           0  1.12s           2026-06-10T10:59:00
================================================================================
[2026-06-10T10:59:54.818+0000] {manager.py:879} INFO - 
================================================================================
DAG File Processing Stats

File Path                          PID    Runtime      # DAGs    # Errors  Last Runtime    Last Run
---------------------------------  -----  ---------  --------  ----------  --------------  -------------------
/opt/airflow/dags/followup_dag.py                           2           0  0.74s           2026-06-10T10:59:31
================================================================================
[2026-06-10T11:00:25.381+0000] {manager.py:879} INFO - 
================================================================================
DAG File Processing Stats

File Path                          PID    Runtime      # DAGs    # Errors  Last Runtime    Last Run
---------------------------------  -----  ---------  --------  ----------  --------------  -------------------
/opt/airflow/dags/followup_dag.py                           2           0  0.71s           2026-06-10T11:00:02
================================================================================
[2026-06-10T11:00:55.586+0000] {manager.py:879} INFO - 
================================================================================
DAG File Processing Stats

File Path                          PID    Runtime      # DAGs    # Errors  Last Runtime    Last Run
---------------------------------  -----  ---------  --------  ----------  --------------  -------------------
/opt/airflow/dags/followup_dag.py                           2           0  0.75s           2026-06-10T11:00:33
================================================================================
[2026-06-10T11:01:25.755+0000] {manager.py:879} INFO - 
================================================================================
DAG File Processing Stats

File Path                          PID    Runtime      # DAGs    # Errors  Last Runtime    Last Run
---------------------------------  -----  ---------  --------  ----------  --------------  -------------------
/opt/airflow/dags/followup_dag.py                           2           0  0.91s           2026-06-10T11:01:04
================================================================================
[2026-06-10T11:01:56.142+0000] {manager.py:879} INFO - 
================================================================================
DAG File Processing Stats

File Path                          PID    Runtime      # DAGs    # Errors  Last Runtime    Last Run
---------------------------------  -----  ---------  --------  ----------  --------------  -------------------
/opt/airflow/dags/followup_dag.py                           2           0  0.73s           2026-06-10T11:01:35
================================================================================
[2026-06-10T11:02:24.347+0000] {manager.py:738} INFO - Searching for files in /opt/airflow/dags
[2026-06-10T11:02:24.382+0000] {manager.py:741} INFO - There are 1 files in /opt/airflow/dags
[2026-06-10T11:02:26.427+0000] {manager.py:879} INFO - 
================================================================================
DAG File Processing Stats

File Path                          PID    Runtime      # DAGs    # Errors  Last Runtime    Last Run
---------------------------------  -----  ---------  --------  ----------  --------------  -------------------
/opt/airflow/dags/followup_dag.py                           2           0  0.79s           2026-06-10T11:02:06
================================================================================
[2026-06-10T11:02:57.043+0000] {manager.py:879} INFO - 
================================================================================
DAG File Processing Stats

File Path                          PID    Runtime      # DAGs    # Errors  Last Runtime    Last Run
---------------------------------  -----  ---------  --------  ----------  --------------  -------------------
/opt/airflow/dags/followup_dag.py                           2           0  1.15s           2026-06-10T11:02:38
================================================================================
[2026-06-10T11:03:27.293+0000] {manager.py:879} INFO - 
================================================================================
DAG File Processing Stats

File Path                          PID    Runtime      # DAGs    # Errors  Last Runtime    Last Run
---------------------------------  -----  ---------  --------  ----------  --------------  -------------------
/opt/airflow/dags/followup_dag.py                           2           0  1.05s           2026-06-10T11:03:09
================================================================================
[2026-06-10T11:03:57.426+0000] {manager.py:879} INFO - 
================================================================================
DAG File Processing Stats

File Path                          PID    Runtime      # DAGs    # Errors  Last Runtime    Last Run
---------------------------------  -----  ---------  --------  ----------  --------------  -------------------
/opt/airflow/dags/followup_dag.py                           2           0  0.90s           2026-06-10T11:03:40
================================================================================
[2026-06-10T11:04:27.737+0000] {manager.py:879} INFO - 
================================================================================
DAG File Processing Stats

File Path                          PID    Runtime      # DAGs    # Errors  Last Runtime    Last Run
---------------------------------  -----  ---------  --------  ----------  --------------  -------------------
/opt/airflow/dags/followup_dag.py                           2           0  0.75s           2026-06-10T11:04:11
================================================================================
[2026-06-10T11:04:47.344+0000] {manager.py:451} INFO - Exiting gracefully upon receiving signal 15
[2026-06-10T11:06:13.693+0000] {manager.py:469} INFO - Processing files using up to 2 processes at a time 
[2026-06-10T11:06:13.695+0000] {manager.py:470} INFO - Process each file at most once every 30 seconds
[2026-06-10T11:06:13.696+0000] {manager.py:471} INFO - Checking for new files in /opt/airflow/dags every 300 seconds
[2026-06-10T11:06:13.697+0000] {manager.py:738} INFO - Searching for files in /opt/airflow/dags
[2026-06-10T11:06:13.729+0000] {manager.py:741} INFO - There are 1 files in /opt/airflow/dags
[2026-06-10T11:06:13.897+0000] {manager.py:879} INFO - 
================================================================================
DAG File Processing Stats

File Path                            PID  Runtime      # DAGs    # Errors  Last Runtime    Last Run
---------------------------------  -----  ---------  --------  ----------  --------------  ----------
/opt/airflow/dags/followup_dag.py    186  0.07s             0           0
================================================================================
[2026-06-10T11:06:44.140+0000] {manager.py:879} INFO - 
================================================================================
DAG File Processing Stats

File Path                          PID    Runtime      # DAGs    # Errors  Last Runtime    Last Run
---------------------------------  -----  ---------  --------  ----------  --------------  -------------------
/opt/airflow/dags/followup_dag.py                           2           0  4.63s           2026-06-10T11:06:18
================================================================================
[2026-06-10T11:07:14.401+0000] {manager.py:879} INFO - 
================================================================================
DAG File Processing Stats

File Path                          PID    Runtime      # DAGs    # Errors  Last Runtime    Last Run
---------------------------------  -----  ---------  --------  ----------  --------------  -------------------
/opt/airflow/dags/followup_dag.py                           2           0  0.96s           2026-06-10T11:06:49
================================================================================
[2026-06-10T11:07:44.651+0000] {manager.py:879} INFO - 
================================================================================
DAG File Processing Stats

File Path                          PID    Runtime      # DAGs    # Errors  Last Runtime    Last Run
---------------------------------  -----  ---------  --------  ----------  --------------  -------------------
/opt/airflow/dags/followup_dag.py                           2           0  0.69s           2026-06-10T11:07:20
================================================================================
[2026-06-10T11:08:14.879+0000] {manager.py:879} INFO - 
================================================================================
DAG File Processing Stats

File Path                          PID    Runtime      # DAGs    # Errors  Last Runtime    Last Run
---------------------------------  -----  ---------  --------  ----------  --------------  -------------------
/opt/airflow/dags/followup_dag.py                           2           0  0.92s           2026-06-10T11:07:51
================================================================================
[2026-06-10T11:08:26.383+0000] {manager.py:451} INFO - Exiting gracefully upon receiving signal 15
[2026-06-10T11:10:17.121+0000] {manager.py:469} INFO - Processing files using up to 2 processes at a time 
[2026-06-10T11:10:17.123+0000] {manager.py:470} INFO - Process each file at most once every 30 seconds
[2026-06-10T11:10:17.124+0000] {manager.py:471} INFO - Checking for new files in /opt/airflow/dags every 300 seconds
[2026-06-10T11:10:17.125+0000] {manager.py:738} INFO - Searching for files in /opt/airflow/dags
[2026-06-10T11:10:17.161+0000] {manager.py:741} INFO - There are 1 files in /opt/airflow/dags
[2026-06-10T11:10:17.398+0000] {manager.py:879} INFO - 
================================================================================
DAG File Processing Stats

File Path                            PID  Runtime      # DAGs    # Errors  Last Runtime    Last Run
---------------------------------  -----  ---------  --------  ----------  --------------  ----------
/opt/airflow/dags/followup_dag.py    186  0.09s             0           0
================================================================================
[2026-06-10T11:10:47.653+0000] {manager.py:879} INFO - 
================================================================================
DAG File Processing Stats

File Path                          PID    Runtime      # DAGs    # Errors  Last Runtime    Last Run
---------------------------------  -----  ---------  --------  ----------  --------------  -------------------
/opt/airflow/dags/followup_dag.py                           2           0  5.61s           2026-06-10T11:10:22
================================================================================
[2026-06-10T11:12:01.527+0000] {manager.py:1201} ERROR - Processor for /opt/airflow/dags/followup_dag.py with PID 192 started at 2026-06-10T11:10:53.361127+00:00 has timed out, killing it.
[2026-06-10T11:12:01.595+0000] {manager.py:879} INFO - 
================================================================================
DAG File Processing Stats

File Path                          PID    Runtime      # DAGs    # Errors  Last Runtime    Last Run
---------------------------------  -----  ---------  --------  ----------  --------------  -------------------
/opt/airflow/dags/followup_dag.py                           0           1  68.16s          2026-06-10T11:12:01
================================================================================
[2026-06-10T11:13:25.825+0000] {manager.py:879} INFO - 
================================================================================
DAG File Processing Stats

File Path                            PID  Runtime      # DAGs    # Errors  Last Runtime    Last Run
---------------------------------  -----  ---------  --------  ----------  --------------  -------------------
/opt/airflow/dags/followup_dag.py    195  0.01s             0           1  68.16s          2026-06-10T11:12:01
================================================================================
[2026-06-10T11:14:51.733+0000] {manager.py:879} INFO - 
================================================================================
DAG File Processing Stats

File Path                            PID  Runtime      # DAGs    # Errors  Last Runtime    Last Run
---------------------------------  -----  ---------  --------  ----------  --------------  -------------------
/opt/airflow/dags/followup_dag.py    195  57.79s            0           1  68.16s          2026-06-10T11:12:01
================================================================================
[2026-06-10T11:14:51.835+0000] {manager.py:1201} ERROR - Processor for /opt/airflow/dags/followup_dag.py with PID 195 started at 2026-06-10T11:13:25.802805+00:00 has timed out, killing it.
[2026-06-10T11:15:51.714+0000] {manager.py:738} INFO - Searching for files in /opt/airflow/dags
[2026-06-10T11:15:51.759+0000] {manager.py:741} INFO - There are 0 files in /opt/airflow/dags
[2026-06-10T11:21:46.940+0000] {manager.py:738} INFO - Searching for files in /opt/airflow/dags
[2026-06-10T11:21:47.377+0000] {manager.py:741} INFO - There are 0 files in /opt/airflow/dags
[2026-06-10T11:26:47.176+0000] {manager.py:738} INFO - Searching for files in /opt/airflow/dags
[2026-06-10T11:26:47.310+0000] {manager.py:741} INFO - There are 1 files in /opt/airflow/dags
[2026-06-10T11:28:05.668+0000] {manager.py:879} INFO - 
================================================================================
DAG File Processing Stats

File Path                            PID  Runtime      # DAGs    # Errors  Last Runtime    Last Run
---------------------------------  -----  ---------  --------  ----------  --------------  ----------
/opt/airflow/dags/followup_dag.py    198  37.56s            0           0
================================================================================
[2026-06-10T11:28:05.755+0000] {manager.py:1201} ERROR - Processor for /opt/airflow/dags/followup_dag.py with PID 198 started at 2026-06-10T11:26:47.499244+00:00 has timed out, killing it.
[2026-06-10T11:28:36.214+0000] {manager.py:879} INFO - 
================================================================================
DAG File Processing Stats

File Path                            PID  Runtime      # DAGs    # Errors  Last Runtime    Last Run
---------------------------------  -----  ---------  --------  ----------  --------------  -------------------
/opt/airflow/dags/followup_dag.py    201  0.02s             0           1  78.26s          2026-06-10T11:28:05
================================================================================
[2026-06-10T11:29:06.262+0000] {manager.py:879} INFO - 
================================================================================
DAG File Processing Stats

File Path                          PID    Runtime      # DAGs    # Errors  Last Runtime    Last Run
---------------------------------  -----  ---------  --------  ----------  --------------  -------------------
/opt/airflow/dags/followup_dag.py                           2           0  0.83s           2026-06-10T11:28:37
================================================================================
[2026-06-10T11:29:36.712+0000] {manager.py:879} INFO - 
================================================================================
DAG File Processing Stats

File Path                          PID    Runtime      # DAGs    # Errors  Last Runtime    Last Run
---------------------------------  -----  ---------  --------  ----------  --------------  -------------------
/opt/airflow/dags/followup_dag.py                           2           0  0.30s           2026-06-10T11:29:07
================================================================================
[2026-06-10T11:31:47.500+0000] {manager.py:879} INFO - 
================================================================================
DAG File Processing Stats

File Path                            PID  Runtime      # DAGs    # Errors  Last Runtime    Last Run
---------------------------------  -----  ---------  --------  ----------  --------------  -------------------
/opt/airflow/dags/followup_dag.py    216  0.16s             2           0  0.21s           2026-06-10T11:29:37
================================================================================
[2026-06-10T11:31:47.577+0000] {manager.py:738} INFO - Searching for files in /opt/airflow/dags
[2026-06-10T11:31:47.640+0000] {manager.py:741} INFO - There are 1 files in /opt/airflow/dags
[2026-06-10T11:32:17.695+0000] {manager.py:879} INFO - 
================================================================================
DAG File Processing Stats

File Path                          PID    Runtime      # DAGs    # Errors  Last Runtime    Last Run
---------------------------------  -----  ---------  --------  ----------  --------------  -------------------
/opt/airflow/dags/followup_dag.py                           2           0  1.74s           2026-06-10T11:31:48
================================================================================
[2026-06-10T11:34:37.775+0000] {manager.py:469} INFO - Processing files using up to 2 processes at a time 
[2026-06-10T11:34:37.777+0000] {manager.py:470} INFO - Process each file at most once every 30 seconds
[2026-06-10T11:34:37.778+0000] {manager.py:471} INFO - Checking for new files in /opt/airflow/dags every 300 seconds
[2026-06-10T11:34:37.779+0000] {manager.py:738} INFO - Searching for files in /opt/airflow/dags
[2026-06-10T11:34:37.836+0000] {manager.py:741} INFO - There are 1 files in /opt/airflow/dags
[2026-06-10T11:34:38.245+0000] {manager.py:879} INFO - 
================================================================================
DAG File Processing Stats

File Path                            PID  Runtime      # DAGs    # Errors  Last Runtime    Last Run
---------------------------------  -----  ---------  --------  ----------  --------------  ----------
/opt/airflow/dags/followup_dag.py    184  0.12s             0           0
================================================================================
[2026-06-10T11:35:08.328+0000] {manager.py:879} INFO - 
================================================================================
DAG File Processing Stats

File Path                          PID    Runtime      # DAGs    # Errors  Last Runtime    Last Run
---------------------------------  -----  ---------  --------  ----------  --------------  -------------------
/opt/airflow/dags/followup_dag.py                           2           0  0.92s           2026-06-10T11:34:39
================================================================================
[2026-06-10T11:35:38.744+0000] {manager.py:879} INFO - 
================================================================================
DAG File Processing Stats

File Path                          PID    Runtime      # DAGs    # Errors  Last Runtime    Last Run
---------------------------------  -----  ---------  --------  ----------  --------------  -------------------
/opt/airflow/dags/followup_dag.py                           2           0  0.43s           2026-06-10T11:35:09
================================================================================
[2026-06-10T11:36:09.057+0000] {manager.py:879} INFO - 
================================================================================
DAG File Processing Stats

File Path                          PID    Runtime      # DAGs    # Errors  Last Runtime    Last Run
---------------------------------  -----  ---------  --------  ----------  --------------  -------------------
/opt/airflow/dags/followup_dag.py                           2           0  0.24s           2026-06-10T11:35:40
================================================================================
[2026-06-10T11:37:37.434+0000] {manager.py:879} INFO - 
================================================================================
DAG File Processing Stats

File Path                            PID  Runtime      # DAGs    # Errors  Last Runtime    Last Run
---------------------------------  -----  ---------  --------  ----------  --------------  -------------------
/opt/airflow/dags/followup_dag.py    200  68.70s            2           0  0.24s           2026-06-10T11:35:40
================================================================================
[2026-06-10T11:37:37.512+0000] {manager.py:1201} ERROR - Processor for /opt/airflow/dags/followup_dag.py with PID 200 started at 2026-06-10T11:36:10.472280+00:00 has timed out, killing it.
[2026-06-10T11:38:22.034+0000] {manager.py:879} INFO - 
================================================================================
DAG File Processing Stats

File Path                            PID  Runtime      # DAGs    # Errors  Last Runtime    Last Run
---------------------------------  -----  ---------  --------  ----------  --------------  -------------------
/opt/airflow/dags/followup_dag.py    209  0.13s             0           1  87.04s          2026-06-10T11:37:37
================================================================================
[2026-06-10T11:39:42.434+0000] {manager.py:879} INFO - 
================================================================================
DAG File Processing Stats

File Path                            PID  Runtime      # DAGs    # Errors  Last Runtime    Last Run
---------------------------------  -----  ---------  --------  ----------  --------------  -------------------
/opt/airflow/dags/followup_dag.py    209  51.00s            0           1  87.04s          2026-06-10T11:37:37
================================================================================
[2026-06-10T11:40:40.711+0000] {manager.py:738} INFO - Searching for files in /opt/airflow/dags
[2026-06-10T11:40:40.848+0000] {manager.py:741} INFO - There are 1 files in /opt/airflow/dags
[2026-06-10T11:40:40.949+0000] {manager.py:1201} ERROR - Processor for /opt/airflow/dags/followup_dag.py with PID 209 started at 2026-06-10T11:38:20.476505+00:00 has timed out, killing it.
[2026-06-10T11:43:33.724+0000] {manager.py:879} INFO - 
================================================================================
DAG File Processing Stats

File Path                            PID  Runtime      # DAGs    # Errors  Last Runtime    Last Run
---------------------------------  -----  ---------  --------  ----------  --------------  -------------------
/opt/airflow/dags/followup_dag.py    212  0.03s             0           1  140.47s         2026-06-10T11:40:40
================================================================================
[2026-06-10T11:44:48.977+0000] {manager.py:1201} ERROR - Processor for /opt/airflow/dags/followup_dag.py with PID 212 started at 2026-06-10T11:43:33.677515+00:00 has timed out, killing it.
[2026-06-10T11:44:49.023+0000] {manager.py:879} INFO - 
================================================================================
DAG File Processing Stats

File Path                          PID    Runtime      # DAGs    # Errors  Last Runtime    Last Run
---------------------------------  -----  ---------  --------  ----------  --------------  -------------------
/opt/airflow/dags/followup_dag.py                           0           1  75.30s          2026-06-10T11:44:48
================================================================================
[2026-06-10T11:45:19.430+0000] {manager.py:879} INFO - 
================================================================================
DAG File Processing Stats

File Path                            PID  Runtime      # DAGs    # Errors  Last Runtime    Last Run
---------------------------------  -----  ---------  --------  ----------  --------------  -------------------
/opt/airflow/dags/followup_dag.py    215  0.04s             0           1  75.30s          2026-06-10T11:44:48
================================================================================
[2026-06-10T11:45:41.566+0000] {manager.py:738} INFO - Searching for files in /opt/airflow/dags
[2026-06-10T11:45:51.160+0000] {manager.py:741} INFO - There are 1 files in /opt/airflow/dags
[2026-06-10T11:47:03.112+0000] {manager.py:879} INFO - 
================================================================================
DAG File Processing Stats

File Path                            PID  Runtime      # DAGs    # Errors  Last Runtime    Last Run
---------------------------------  -----  ---------  --------  ----------  --------------  -------------------
/opt/airflow/dags/followup_dag.py    224  0.03s             2           0  2.22s           2026-06-10T11:45:21
================================================================================
[2026-06-10T11:48:42.251+0000] {manager.py:879} INFO - 
================================================================================
DAG File Processing Stats

File Path                            PID  Runtime      # DAGs    # Errors  Last Runtime    Last Run
---------------------------------  -----  ---------  --------  ----------  --------------  -------------------
/opt/airflow/dags/followup_dag.py    224  98.11s            2           0  2.22s           2026-06-10T11:45:21
================================================================================
[2026-06-10T11:48:42.317+0000] {manager.py:1201} ERROR - Processor for /opt/airflow/dags/followup_dag.py with PID 224 started at 2026-06-10T11:47:03.076762+00:00 has timed out, killing it.
[2026-06-10T11:49:13.497+0000] {manager.py:879} INFO - 
================================================================================
DAG File Processing Stats

File Path                            PID  Runtime      # DAGs    # Errors  Last Runtime    Last Run
---------------------------------  -----  ---------  --------  ----------  --------------  -------------------
/opt/airflow/dags/followup_dag.py    231  0.04s             0           1  99.24s          2026-06-10T11:48:42
================================================================================
[2026-06-10T11:49:55.722+0000] {manager.py:879} INFO - 
================================================================================
DAG File Processing Stats

File Path                            PID  Runtime      # DAGs    # Errors  Last Runtime    Last Run
---------------------------------  -----  ---------  --------  ----------  --------------  -------------------
/opt/airflow/dags/followup_dag.py    231  42.37s            0           1  99.24s          2026-06-10T11:48:42
================================================================================
[2026-06-10T11:50:25.921+0000] {manager.py:879} INFO - 
================================================================================
DAG File Processing Stats

File Path                          PID    Runtime      # DAGs    # Errors  Last Runtime    Last Run
---------------------------------  -----  ---------  --------  ----------  --------------  -------------------
/opt/airflow/dags/followup_dag.py                           2           0  45.07s          2026-06-10T11:49:58
================================================================================
[2026-06-10T11:50:41.692+0000] {manager.py:738} INFO - Searching for files in /opt/airflow/dags
[2026-06-10T11:50:41.845+0000] {manager.py:741} INFO - There are 1 files in /opt/airflow/dags
[2026-06-10T11:50:56.213+0000] {manager.py:879} INFO - 
================================================================================
DAG File Processing Stats

File Path                          PID    Runtime      # DAGs    # Errors  Last Runtime    Last Run
---------------------------------  -----  ---------  --------  ----------  --------------  -------------------
/opt/airflow/dags/followup_dag.py                           2           0  0.95s           2026-06-10T11:50:29
================================================================================
[2026-06-10T11:53:46.815+0000] {manager.py:469} INFO - Processing files using up to 2 processes at a time 
[2026-06-10T11:53:46.819+0000] {manager.py:470} INFO - Process each file at most once every 30 seconds
[2026-06-10T11:53:46.820+0000] {manager.py:471} INFO - Checking for new files in /opt/airflow/dags every 300 seconds
[2026-06-10T11:53:46.827+0000] {manager.py:738} INFO - Searching for files in /opt/airflow/dags
[2026-06-10T11:53:46.868+0000] {manager.py:741} INFO - There are 1 files in /opt/airflow/dags
[2026-06-10T11:53:47.007+0000] {manager.py:879} INFO - 
================================================================================
DAG File Processing Stats

File Path                            PID  Runtime      # DAGs    # Errors  Last Runtime    Last Run
---------------------------------  -----  ---------  --------  ----------  --------------  ----------
/opt/airflow/dags/followup_dag.py    184  0.06s             0           0
================================================================================
[2026-06-10T11:54:17.346+0000] {manager.py:879} INFO - 
================================================================================
DAG File Processing Stats

File Path                          PID    Runtime      # DAGs    # Errors  Last Runtime    Last Run
---------------------------------  -----  ---------  --------  ----------  --------------  -------------------
/opt/airflow/dags/followup_dag.py                           2           0  0.56s           2026-06-10T11:53:47
================================================================================
[2026-06-10T11:54:48.046+0000] {manager.py:879} INFO - 
================================================================================
DAG File Processing Stats

File Path                          PID    Runtime      # DAGs    # Errors  Last Runtime    Last Run
---------------------------------  -----  ---------  --------  ----------  --------------  -------------------
/opt/airflow/dags/followup_dag.py                           2           0  0.54s           2026-06-10T11:54:18
================================================================================
[2026-06-10T11:55:21.351+0000] {manager.py:879} INFO - 
================================================================================
DAG File Processing Stats

File Path                            PID  Runtime      # DAGs    # Errors  Last Runtime    Last Run
---------------------------------  -----  ---------  --------  ----------  --------------  -------------------
/opt/airflow/dags/followup_dag.py    200  0.02s             2           0  0.36s           2026-06-10T11:54:49
================================================================================
[2026-06-10T11:55:51.656+0000] {manager.py:879} INFO - 
================================================================================
DAG File Processing Stats

File Path                          PID    Runtime      # DAGs    # Errors  Last Runtime    Last Run
---------------------------------  -----  ---------  --------  ----------  --------------  -------------------
/opt/airflow/dags/followup_dag.py                           2           0  2.75s           2026-06-10T11:55:24
================================================================================
[2026-06-10T11:56:21.756+0000] {manager.py:879} INFO - 
================================================================================
DAG File Processing Stats

File Path                          PID    Runtime      # DAGs    # Errors  Last Runtime    Last Run
---------------------------------  -----  ---------  --------  ----------  --------------  -------------------
/opt/airflow/dags/followup_dag.py                           2           0  18.66s          2026-06-10T11:56:13
================================================================================
[2026-06-10T11:56:52.146+0000] {manager.py:879} INFO - 
================================================================================
DAG File Processing Stats

File Path                          PID    Runtime      # DAGs    # Errors  Last Runtime    Last Run
---------------------------------  -----  ---------  --------  ----------  --------------  -------------------
/opt/airflow/dags/followup_dag.py                           2           0  0.45s           2026-06-10T11:56:43
================================================================================
[2026-06-10T11:57:39.630+0000] {manager.py:879} INFO - 
================================================================================
DAG File Processing Stats

File Path                            PID  Runtime      # DAGs    # Errors  Last Runtime    Last Run
---------------------------------  -----  ---------  --------  ----------  --------------  -------------------
/opt/airflow/dags/followup_dag.py    215  9.46s             2           0  0.45s           2026-06-10T11:56:43
================================================================================
[2026-06-10T11:58:32.239+0000] {manager.py:1201} ERROR - Processor for /opt/airflow/dags/followup_dag.py with PID 215 started at 2026-06-10T11:57:14.029665+00:00 has timed out, killing it.
[2026-06-11T01:37:20.674+0000] {manager.py:469} INFO - Processing files using up to 2 processes at a time 
[2026-06-11T01:37:20.676+0000] {manager.py:470} INFO - Process each file at most once every 30 seconds
[2026-06-11T01:37:20.677+0000] {manager.py:471} INFO - Checking for new files in /opt/airflow/dags every 300 seconds
[2026-06-11T01:37:20.679+0000] {manager.py:738} INFO - Searching for files in /opt/airflow/dags
[2026-06-11T01:37:20.766+0000] {manager.py:741} INFO - There are 1 files in /opt/airflow/dags
[2026-06-11T01:37:21.818+0000] {manager.py:879} INFO - 
================================================================================
DAG File Processing Stats

File Path                            PID  Runtime      # DAGs    # Errors  Last Runtime    Last Run
---------------------------------  -----  ---------  --------  ----------  --------------  ----------
/opt/airflow/dags/followup_dag.py    185  0.40s             0           0
================================================================================
[2026-06-11T01:37:52.035+0000] {manager.py:879} INFO - 
================================================================================
DAG File Processing Stats

File Path                          PID    Runtime      # DAGs    # Errors  Last Runtime    Last Run
---------------------------------  -----  ---------  --------  ----------  --------------  -------------------
/opt/airflow/dags/followup_dag.py                           2           0  1.72s           2026-06-11T01:37:23
================================================================================
[2026-06-11T01:38:22.999+0000] {manager.py:879} INFO - 
================================================================================
DAG File Processing Stats

File Path                          PID    Runtime      # DAGs    # Errors  Last Runtime    Last Run
---------------------------------  -----  ---------  --------  ----------  --------------  -------------------
/opt/airflow/dags/followup_dag.py                           2           0  0.29s           2026-06-11T01:37:53
================================================================================
[2026-06-11T01:38:53.345+0000] {manager.py:879} INFO - 
================================================================================
DAG File Processing Stats

File Path                          PID    Runtime      # DAGs    # Errors  Last Runtime    Last Run
---------------------------------  -----  ---------  --------  ----------  --------------  -------------------
/opt/airflow/dags/followup_dag.py                           2           0  0.46s           2026-06-11T01:38:24
================================================================================
[2026-06-11T01:39:23.911+0000] {manager.py:879} INFO - 
================================================================================
DAG File Processing Stats

File Path                          PID    Runtime      # DAGs    # Errors  Last Runtime    Last Run
---------------------------------  -----  ---------  --------  ----------  --------------  -------------------
/opt/airflow/dags/followup_dag.py                           2           0  0.27s           2026-06-11T01:38:54
================================================================================
[2026-06-11T01:39:54.491+0000] {manager.py:879} INFO - 
================================================================================
DAG File Processing Stats

File Path                          PID    Runtime      # DAGs    # Errors  Last Runtime    Last Run
---------------------------------  -----  ---------  --------  ----------  --------------  -------------------
/opt/airflow/dags/followup_dag.py                           2           0  0.30s           2026-06-11T01:39:25
================================================================================
[2026-06-11T01:40:25.002+0000] {manager.py:879} INFO - 
================================================================================
DAG File Processing Stats

File Path                          PID    Runtime      # DAGs    # Errors  Last Runtime    Last Run
---------------------------------  -----  ---------  --------  ----------  --------------  -------------------
/opt/airflow/dags/followup_dag.py                           2           0  0.17s           2026-06-11T01:39:55
================================================================================
[2026-06-11T01:40:55.302+0000] {manager.py:879} INFO - 
================================================================================
DAG File Processing Stats

File Path                          PID    Runtime      # DAGs    # Errors  Last Runtime    Last Run
---------------------------------  -----  ---------  --------  ----------  --------------  -------------------
/opt/airflow/dags/followup_dag.py                           2           0  0.13s           2026-06-11T01:40:26
================================================================================
[2026-06-11T01:41:25.570+0000] {manager.py:879} INFO - 
================================================================================
DAG File Processing Stats

File Path                          PID    Runtime      # DAGs    # Errors  Last Runtime    Last Run
---------------------------------  -----  ---------  --------  ----------  --------------  -------------------
/opt/airflow/dags/followup_dag.py                           2           0  0.25s           2026-06-11T01:40:56
================================================================================
[2026-06-11T01:41:55.952+0000] {manager.py:879} INFO - 
================================================================================
DAG File Processing Stats

File Path                          PID    Runtime      # DAGs    # Errors  Last Runtime    Last Run
---------------------------------  -----  ---------  --------  ----------  --------------  -------------------
/opt/airflow/dags/followup_dag.py                           2           0  0.23s           2026-06-11T01:41:26
================================================================================
[2026-06-11T01:42:21.158+0000] {manager.py:738} INFO - Searching for files in /opt/airflow/dags
[2026-06-11T01:42:21.178+0000] {manager.py:741} INFO - There are 1 files in /opt/airflow/dags
[2026-06-11T01:42:26.228+0000] {manager.py:879} INFO - 
================================================================================
DAG File Processing Stats

File Path                          PID    Runtime      # DAGs    # Errors  Last Runtime    Last Run
---------------------------------  -----  ---------  --------  ----------  --------------  -------------------
/opt/airflow/dags/followup_dag.py                           2           0  0.19s           2026-06-11T01:41:57
================================================================================
[2026-06-11T01:42:56.483+0000] {manager.py:879} INFO - 
================================================================================
DAG File Processing Stats

File Path                          PID    Runtime      # DAGs    # Errors  Last Runtime    Last Run
---------------------------------  -----  ---------  --------  ----------  --------------  -------------------
/opt/airflow/dags/followup_dag.py                           2           0  0.14s           2026-06-11T01:42:27
================================================================================
[2026-06-11T01:43:26.708+0000] {manager.py:879} INFO - 
================================================================================
DAG File Processing Stats

File Path                          PID    Runtime      # DAGs    # Errors  Last Runtime    Last Run
---------------------------------  -----  ---------  --------  ----------  --------------  -------------------
/opt/airflow/dags/followup_dag.py                           2           0  0.12s           2026-06-11T01:42:57
================================================================================
[2026-06-11T01:43:57.063+0000] {manager.py:879} INFO - 
================================================================================
DAG File Processing Stats

File Path                          PID    Runtime      # DAGs    # Errors  Last Runtime    Last Run
---------------------------------  -----  ---------  --------  ----------  --------------  -------------------
/opt/airflow/dags/followup_dag.py                           2           0  0.16s           2026-06-11T01:43:27
================================================================================
[2026-06-11T01:44:27.359+0000] {manager.py:879} INFO - 
================================================================================
DAG File Processing Stats

File Path                          PID    Runtime      # DAGs    # Errors  Last Runtime    Last Run
---------------------------------  -----  ---------  --------  ----------  --------------  -------------------
/opt/airflow/dags/followup_dag.py                           2           0  0.31s           2026-06-11T01:43:58
================================================================================
[2026-06-11T01:44:57.907+0000] {manager.py:879} INFO - 
================================================================================
DAG File Processing Stats

File Path                          PID    Runtime      # DAGs    # Errors  Last Runtime    Last Run
---------------------------------  -----  ---------  --------  ----------  --------------  -------------------
/opt/airflow/dags/followup_dag.py                           2           0  0.23s           2026-06-11T01:44:28
================================================================================
[2026-06-11T01:45:28.351+0000] {manager.py:879} INFO - 
================================================================================
DAG File Processing Stats

File Path                          PID    Runtime      # DAGs    # Errors  Last Runtime    Last Run
---------------------------------  -----  ---------  --------  ----------  --------------  -------------------
/opt/airflow/dags/followup_dag.py                           2           0  0.35s           2026-06-11T01:44:59
================================================================================
[2026-06-11T01:45:58.835+0000] {manager.py:879} INFO - 
================================================================================
DAG File Processing Stats

File Path                          PID    Runtime      # DAGs    # Errors  Last Runtime    Last Run
---------------------------------  -----  ---------  --------  ----------  --------------  -------------------
/opt/airflow/dags/followup_dag.py                           2           0  0.46s           2026-06-11T01:45:30
================================================================================
[2026-06-11T01:46:29.516+0000] {manager.py:879} INFO - 
================================================================================
DAG File Processing Stats

File Path                          PID    Runtime      # DAGs    # Errors  Last Runtime    Last Run
---------------------------------  -----  ---------  --------  ----------  --------------  -------------------
/opt/airflow/dags/followup_dag.py                           2           0  0.18s           2026-06-11T01:46:00
================================================================================
[2026-06-11T01:46:59.858+0000] {manager.py:879} INFO - 
================================================================================
DAG File Processing Stats

File Path                          PID    Runtime      # DAGs    # Errors  Last Runtime    Last Run
---------------------------------  -----  ---------  --------  ----------  --------------  -------------------
/opt/airflow/dags/followup_dag.py                           2           0  0.17s           2026-06-11T01:46:30
================================================================================
[2026-06-11T01:47:22.007+0000] {manager.py:738} INFO - Searching for files in /opt/airflow/dags
[2026-06-11T01:47:22.029+0000] {manager.py:741} INFO - There are 1 files in /opt/airflow/dags
[2026-06-11T01:47:30.089+0000] {manager.py:879} INFO - 
================================================================================
DAG File Processing Stats

File Path                          PID    Runtime      # DAGs    # Errors  Last Runtime    Last Run
---------------------------------  -----  ---------  --------  ----------  --------------  -------------------
/opt/airflow/dags/followup_dag.py                           2           0  0.13s           2026-06-11T01:47:01
================================================================================
[2026-06-11T01:48:00.397+0000] {manager.py:879} INFO - 
================================================================================
DAG File Processing Stats

File Path                          PID    Runtime      # DAGs    # Errors  Last Runtime    Last Run
---------------------------------  -----  ---------  --------  ----------  --------------  -------------------
/opt/airflow/dags/followup_dag.py                           2           0  0.14s           2026-06-11T01:47:31
================================================================================
[2026-06-11T01:48:30.641+0000] {manager.py:879} INFO - 
================================================================================
DAG File Processing Stats

File Path                          PID    Runtime      # DAGs    # Errors  Last Runtime    Last Run
---------------------------------  -----  ---------  --------  ----------  --------------  -------------------
/opt/airflow/dags/followup_dag.py                           2           0  0.17s           2026-06-11T01:48:01
================================================================================
[2026-06-11T01:49:00.985+0000] {manager.py:879} INFO - 
================================================================================
DAG File Processing Stats

File Path                          PID    Runtime      # DAGs    # Errors  Last Runtime    Last Run
---------------------------------  -----  ---------  --------  ----------  --------------  -------------------
/opt/airflow/dags/followup_dag.py                           2           0  0.13s           2026-06-11T01:48:31
================================================================================
[2026-06-11T01:49:31.245+0000] {manager.py:879} INFO - 
================================================================================
DAG File Processing Stats

File Path                          PID    Runtime      # DAGs    # Errors  Last Runtime    Last Run
---------------------------------  -----  ---------  --------  ----------  --------------  -------------------
/opt/airflow/dags/followup_dag.py                           2           0  0.17s           2026-06-11T01:49:02
================================================================================
[2026-06-11T01:50:01.611+0000] {manager.py:879} INFO - 
================================================================================
DAG File Processing Stats

File Path                          PID    Runtime      # DAGs    # Errors  Last Runtime    Last Run
---------------------------------  -----  ---------  --------  ----------  --------------  -------------------
/opt/airflow/dags/followup_dag.py                           2           0  0.14s           2026-06-11T01:49:32
================================================================================
[2026-06-11T01:50:31.819+0000] {manager.py:879} INFO - 
================================================================================
DAG File Processing Stats

File Path                          PID    Runtime      # DAGs    # Errors  Last Runtime    Last Run
---------------------------------  -----  ---------  --------  ----------  --------------  -------------------
/opt/airflow/dags/followup_dag.py                           2           0  0.15s           2026-06-11T01:50:02
================================================================================
[2026-06-11T01:51:02.274+0000] {manager.py:879} INFO - 
================================================================================
DAG File Processing Stats

File Path                          PID    Runtime      # DAGs    # Errors  Last Runtime    Last Run
---------------------------------  -----  ---------  --------  ----------  --------------  -------------------
/opt/airflow/dags/followup_dag.py                           2           0  0.19s           2026-06-11T01:50:33
================================================================================
[2026-06-11T01:51:32.563+0000] {manager.py:879} INFO - 
================================================================================
DAG File Processing Stats

File Path                          PID    Runtime      # DAGs    # Errors  Last Runtime    Last Run
---------------------------------  -----  ---------  --------  ----------  --------------  -------------------
/opt/airflow/dags/followup_dag.py                           2           0  0.17s           2026-06-11T01:51:03
================================================================================
[2026-06-11T01:52:02.932+0000] {manager.py:879} INFO - 
================================================================================
DAG File Processing Stats

File Path                          PID    Runtime      # DAGs    # Errors  Last Runtime    Last Run
---------------------------------  -----  ---------  --------  ----------  --------------  -------------------
/opt/airflow/dags/followup_dag.py                           2           0  0.20s           2026-06-11T01:51:33
================================================================================
[2026-06-11T01:52:22.075+0000] {manager.py:738} INFO - Searching for files in /opt/airflow/dags
[2026-06-11T01:52:22.096+0000] {manager.py:741} INFO - There are 1 files in /opt/airflow/dags
[2026-06-11T01:52:33.181+0000] {manager.py:879} INFO - 
================================================================================
DAG File Processing Stats

File Path                          PID    Runtime      # DAGs    # Errors  Last Runtime    Last Run
---------------------------------  -----  ---------  --------  ----------  --------------  -------------------
/opt/airflow/dags/followup_dag.py                           2           0  0.16s           2026-06-11T01:52:04
================================================================================
[2026-06-11T01:53:03.454+0000] {manager.py:879} INFO - 
================================================================================
DAG File Processing Stats

File Path                          PID    Runtime      # DAGs    # Errors  Last Runtime    Last Run
---------------------------------  -----  ---------  --------  ----------  --------------  -------------------
/opt/airflow/dags/followup_dag.py                           2           0  0.13s           2026-06-11T01:52:34
================================================================================
[2026-06-11T01:53:33.652+0000] {manager.py:879} INFO - 
================================================================================
DAG File Processing Stats

File Path                          PID    Runtime      # DAGs    # Errors  Last Runtime    Last Run
---------------------------------  -----  ---------  --------  ----------  --------------  -------------------
/opt/airflow/dags/followup_dag.py                           2           0  0.16s           2026-06-11T01:53:04
================================================================================
[2026-06-11T01:54:03.871+0000] {manager.py:879} INFO - 
================================================================================
DAG File Processing Stats

File Path                          PID    Runtime      # DAGs    # Errors  Last Runtime    Last Run
---------------------------------  -----  ---------  --------  ----------  --------------  -------------------
/opt/airflow/dags/followup_dag.py                           2           0  0.14s           2026-06-11T01:53:34
================================================================================
[2026-06-11T01:54:34.185+0000] {manager.py:879} INFO - 
================================================================================
DAG File Processing Stats

File Path                          PID    Runtime      # DAGs    # Errors  Last Runtime    Last Run
---------------------------------  -----  ---------  --------  ----------  --------------  -------------------
/opt/airflow/dags/followup_dag.py                           2           0  0.21s           2026-06-11T01:54:05
================================================================================
[2026-06-11T01:55:04.464+0000] {manager.py:879} INFO - 
================================================================================
DAG File Processing Stats

File Path                          PID    Runtime      # DAGs    # Errors  Last Runtime    Last Run
---------------------------------  -----  ---------  --------  ----------  --------------  -------------------
/opt/airflow/dags/followup_dag.py                           2           0  0.18s           2026-06-11T01:54:35
================================================================================
[2026-06-11T01:55:34.750+0000] {manager.py:879} INFO - 
================================================================================
DAG File Processing Stats

File Path                          PID    Runtime      # DAGs    # Errors  Last Runtime    Last Run
---------------------------------  -----  ---------  --------  ----------  --------------  -------------------
/opt/airflow/dags/followup_dag.py                           2           0  0.16s           2026-06-11T01:55:05
================================================================================
[2026-06-11T01:56:04.966+0000] {manager.py:879} INFO - 
================================================================================
DAG File Processing Stats

File Path                          PID    Runtime      # DAGs    # Errors  Last Runtime    Last Run
---------------------------------  -----  ---------  --------  ----------  --------------  -------------------
/opt/airflow/dags/followup_dag.py                           2           0  0.19s           2026-06-11T01:55:35
================================================================================
[2026-06-11T01:56:35.269+0000] {manager.py:879} INFO - 
================================================================================
DAG File Processing Stats

File Path                          PID    Runtime      # DAGs    # Errors  Last Runtime    Last Run
---------------------------------  -----  ---------  --------  ----------  --------------  -------------------
/opt/airflow/dags/followup_dag.py                           2           0  0.19s           2026-06-11T01:56:06
================================================================================
[2026-06-11T01:57:05.473+0000] {manager.py:879} INFO - 
================================================================================
DAG File Processing Stats

File Path                          PID    Runtime      # DAGs    # Errors  Last Runtime    Last Run
---------------------------------  -----  ---------  --------  ----------  --------------  -------------------
/opt/airflow/dags/followup_dag.py                           2           0  0.15s           2026-06-11T01:56:36
================================================================================
[2026-06-11T01:57:22.653+0000] {manager.py:738} INFO - Searching for files in /opt/airflow/dags
[2026-06-11T01:57:22.693+0000] {manager.py:741} INFO - There are 1 files in /opt/airflow/dags
[2026-06-11T01:57:35.819+0000] {manager.py:879} INFO - 
================================================================================
DAG File Processing Stats

File Path                          PID    Runtime      # DAGs    # Errors  Last Runtime    Last Run
---------------------------------  -----  ---------  --------  ----------  --------------  -------------------
/opt/airflow/dags/followup_dag.py                           2           0  0.15s           2026-06-11T01:57:06
================================================================================
[2026-06-11T01:58:06.088+0000] {manager.py:879} INFO - 
================================================================================
DAG File Processing Stats

File Path                          PID    Runtime      # DAGs    # Errors  Last Runtime    Last Run
---------------------------------  -----  ---------  --------  ----------  --------------  -------------------
/opt/airflow/dags/followup_dag.py                           2           0  0.15s           2026-06-11T01:57:36
================================================================================
[2026-06-11T01:58:36.317+0000] {manager.py:879} INFO - 
================================================================================
DAG File Processing Stats

File Path                          PID    Runtime      # DAGs    # Errors  Last Runtime    Last Run
---------------------------------  -----  ---------  --------  ----------  --------------  -------------------
/opt/airflow/dags/followup_dag.py                           2           0  0.14s           2026-06-11T01:58:07
================================================================================
[2026-06-11T01:59:06.536+0000] {manager.py:879} INFO - 
================================================================================
DAG File Processing Stats

File Path                          PID    Runtime      # DAGs    # Errors  Last Runtime    Last Run
---------------------------------  -----  ---------  --------  ----------  --------------  -------------------
/opt/airflow/dags/followup_dag.py                           2           0  0.14s           2026-06-11T01:58:37
================================================================================
[2026-06-11T01:59:36.791+0000] {manager.py:879} INFO - 
================================================================================
DAG File Processing Stats

File Path                          PID    Runtime      # DAGs    # Errors  Last Runtime    Last Run
---------------------------------  -----  ---------  --------  ----------  --------------  -------------------
/opt/airflow/dags/followup_dag.py                           2           0  0.16s           2026-06-11T01:59:07
================================================================================
[2026-06-11T02:00:07.035+0000] {manager.py:879} INFO - 
================================================================================
DAG File Processing Stats

File Path                          PID    Runtime      # DAGs    # Errors  Last Runtime    Last Run
---------------------------------  -----  ---------  --------  ----------  --------------  -------------------
/opt/airflow/dags/followup_dag.py                           2           0  0.16s           2026-06-11T01:59:37
================================================================================
[2026-06-11T02:00:37.366+0000] {manager.py:879} INFO - 
================================================================================
DAG File Processing Stats

File Path                          PID    Runtime      # DAGs    # Errors  Last Runtime    Last Run
---------------------------------  -----  ---------  --------  ----------  --------------  -------------------
/opt/airflow/dags/followup_dag.py                           2           0  0.30s           2026-06-11T02:00:08
================================================================================
[2026-06-11T02:01:07.733+0000] {manager.py:879} INFO - 
================================================================================
DAG File Processing Stats

File Path                          PID    Runtime      # DAGs    # Errors  Last Runtime    Last Run
---------------------------------  -----  ---------  --------  ----------  --------------  -------------------
/opt/airflow/dags/followup_dag.py                           2           0  0.22s           2026-06-11T02:00:38
================================================================================
[2026-06-11T02:01:37.950+0000] {manager.py:879} INFO - 
================================================================================
DAG File Processing Stats

File Path                          PID    Runtime      # DAGs    # Errors  Last Runtime    Last Run
---------------------------------  -----  ---------  --------  ----------  --------------  -------------------
/opt/airflow/dags/followup_dag.py                           2           0  0.16s           2026-06-11T02:01:08
================================================================================
[2026-06-11T02:02:08.240+0000] {manager.py:879} INFO - 
================================================================================
DAG File Processing Stats

File Path                          PID    Runtime      # DAGs    # Errors  Last Runtime    Last Run
---------------------------------  -----  ---------  --------  ----------  --------------  -------------------
/opt/airflow/dags/followup_dag.py                           2           0  0.16s           2026-06-11T02:01:39
================================================================================
[2026-06-11T02:02:23.367+0000] {manager.py:738} INFO - Searching for files in /opt/airflow/dags
[2026-06-11T02:02:23.388+0000] {manager.py:741} INFO - There are 1 files in /opt/airflow/dags
[2026-06-11T02:02:38.532+0000] {manager.py:879} INFO - 
================================================================================
DAG File Processing Stats

File Path                          PID    Runtime      # DAGs    # Errors  Last Runtime    Last Run
---------------------------------  -----  ---------  --------  ----------  --------------  -------------------
/opt/airflow/dags/followup_dag.py                           2           0  0.14s           2026-06-11T02:02:09
================================================================================
[2026-06-11T02:03:08.822+0000] {manager.py:879} INFO - 
================================================================================
DAG File Processing Stats

File Path                          PID    Runtime      # DAGs    # Errors  Last Runtime    Last Run
---------------------------------  -----  ---------  --------  ----------  --------------  -------------------
/opt/airflow/dags/followup_dag.py                           2           0  0.15s           2026-06-11T02:02:39
================================================================================
[2026-06-11T02:03:39.014+0000] {manager.py:879} INFO - 
================================================================================
DAG File Processing Stats

File Path                          PID    Runtime      # DAGs    # Errors  Last Runtime    Last Run
---------------------------------  -----  ---------  --------  ----------  --------------  -------------------
/opt/airflow/dags/followup_dag.py                           2           0  0.14s           2026-06-11T02:03:09
================================================================================
[2026-06-11T02:04:09.281+0000] {manager.py:879} INFO - 
================================================================================
DAG File Processing Stats

File Path                          PID    Runtime      # DAGs    # Errors  Last Runtime    Last Run
---------------------------------  -----  ---------  --------  ----------  --------------  -------------------
/opt/airflow/dags/followup_dag.py                           2           0  0.15s           2026-06-11T02:03:40
================================================================================
[2026-06-11T02:04:39.509+0000] {manager.py:879} INFO - 
================================================================================
DAG File Processing Stats

File Path                          PID    Runtime      # DAGs    # Errors  Last Runtime    Last Run
---------------------------------  -----  ---------  --------  ----------  --------------  -------------------
/opt/airflow/dags/followup_dag.py                           2           0  0.15s           2026-06-11T02:04:10
================================================================================
[2026-06-11T02:05:09.775+0000] {manager.py:879} INFO - 
================================================================================
DAG File Processing Stats

File Path                          PID    Runtime      # DAGs    # Errors  Last Runtime    Last Run
---------------------------------  -----  ---------  --------  ----------  --------------  -------------------
/opt/airflow/dags/followup_dag.py                           2           0  0.14s           2026-06-11T02:04:40
================================================================================
[2026-06-11T02:05:39.964+0000] {manager.py:879} INFO - 
================================================================================
DAG File Processing Stats

File Path                          PID    Runtime      # DAGs    # Errors  Last Runtime    Last Run
---------------------------------  -----  ---------  --------  ----------  --------------  -------------------
/opt/airflow/dags/followup_dag.py                           2           0  0.15s           2026-06-11T02:05:10
================================================================================
[2026-06-11T02:06:10.235+0000] {manager.py:879} INFO - 
================================================================================
DAG File Processing Stats

File Path                          PID    Runtime      # DAGs    # Errors  Last Runtime    Last Run
---------------------------------  -----  ---------  --------  ----------  --------------  -------------------
/opt/airflow/dags/followup_dag.py                           2           0  0.16s           2026-06-11T02:05:41
================================================================================
[2026-06-11T02:06:40.460+0000] {manager.py:879} INFO - 
================================================================================
DAG File Processing Stats

File Path                          PID    Runtime      # DAGs    # Errors  Last Runtime    Last Run
---------------------------------  -----  ---------  --------  ----------  --------------  -------------------
/opt/airflow/dags/followup_dag.py                           2           0  0.15s           2026-06-11T02:06:11
================================================================================
[2026-06-11T02:07:10.739+0000] {manager.py:879} INFO - 
================================================================================
DAG File Processing Stats

File Path                          PID    Runtime      # DAGs    # Errors  Last Runtime    Last Run
---------------------------------  -----  ---------  --------  ----------  --------------  -------------------
/opt/airflow/dags/followup_dag.py                           2           0  0.19s           2026-06-11T02:06:41
================================================================================
[2026-06-11T02:07:23.947+0000] {manager.py:738} INFO - Searching for files in /opt/airflow/dags
[2026-06-11T02:07:23.972+0000] {manager.py:741} INFO - There are 1 files in /opt/airflow/dags
[2026-06-11T02:07:41.086+0000] {manager.py:879} INFO - 
================================================================================
DAG File Processing Stats

File Path                          PID    Runtime      # DAGs    # Errors  Last Runtime    Last Run
---------------------------------  -----  ---------  --------  ----------  --------------  -------------------
/opt/airflow/dags/followup_dag.py                           2           0  0.17s           2026-06-11T02:07:11
================================================================================
[2026-06-11T02:08:11.277+0000] {manager.py:879} INFO - 
================================================================================
DAG File Processing Stats

File Path                          PID    Runtime      # DAGs    # Errors  Last Runtime    Last Run
---------------------------------  -----  ---------  --------  ----------  --------------  -------------------
/opt/airflow/dags/followup_dag.py                           2           0  0.14s           2026-06-11T02:07:42
================================================================================
[2026-06-11T02:08:41.736+0000] {manager.py:879} INFO - 
================================================================================
DAG File Processing Stats

File Path                          PID    Runtime      # DAGs    # Errors  Last Runtime    Last Run
---------------------------------  -----  ---------  --------  ----------  --------------  -------------------
/opt/airflow/dags/followup_dag.py                           2           0  0.70s           2026-06-11T02:08:13
================================================================================
[2026-06-11T02:09:12.408+0000] {manager.py:879} INFO - 
================================================================================
DAG File Processing Stats

File Path                          PID    Runtime      # DAGs    # Errors  Last Runtime    Last Run
---------------------------------  -----  ---------  --------  ----------  --------------  -------------------
/opt/airflow/dags/followup_dag.py                           2           0  0.15s           2026-06-11T02:08:43
================================================================================
[2026-06-11T02:09:42.591+0000] {manager.py:879} INFO - 
================================================================================
DAG File Processing Stats

File Path                          PID    Runtime      # DAGs    # Errors  Last Runtime    Last Run
---------------------------------  -----  ---------  --------  ----------  --------------  -------------------
/opt/airflow/dags/followup_dag.py                           2           0  0.17s           2026-06-11T02:09:13
================================================================================
[2026-06-11T02:10:12.910+0000] {manager.py:879} INFO - 
================================================================================
DAG File Processing Stats

File Path                          PID    Runtime      # DAGs    # Errors  Last Runtime    Last Run
---------------------------------  -----  ---------  --------  ----------  --------------  -------------------
/opt/airflow/dags/followup_dag.py                           2           0  0.15s           2026-06-11T02:09:43
================================================================================
[2026-06-11T02:10:43.215+0000] {manager.py:879} INFO - 
================================================================================
DAG File Processing Stats

File Path                          PID    Runtime      # DAGs    # Errors  Last Runtime    Last Run
---------------------------------  -----  ---------  --------  ----------  --------------  -------------------
/opt/airflow/dags/followup_dag.py                           2           0  0.42s           2026-06-11T02:10:14
================================================================================
[2026-06-11T02:11:13.708+0000] {manager.py:879} INFO - 
================================================================================
DAG File Processing Stats

File Path                          PID    Runtime      # DAGs    # Errors  Last Runtime    Last Run
---------------------------------  -----  ---------  --------  ----------  --------------  -------------------
/opt/airflow/dags/followup_dag.py                           2           0  0.16s           2026-06-11T02:10:44
================================================================================
[2026-06-11T02:11:44.076+0000] {manager.py:879} INFO - 
================================================================================
DAG File Processing Stats

File Path                          PID    Runtime      # DAGs    # Errors  Last Runtime    Last Run
---------------------------------  -----  ---------  --------  ----------  --------------  -------------------
/opt/airflow/dags/followup_dag.py                           2           0  0.21s           2026-06-11T02:11:14
================================================================================
[2026-06-11T02:12:14.337+0000] {manager.py:879} INFO - 
================================================================================
DAG File Processing Stats

File Path                          PID    Runtime      # DAGs    # Errors  Last Runtime    Last Run
---------------------------------  -----  ---------  --------  ----------  --------------  -------------------
/opt/airflow/dags/followup_dag.py                           2           0  0.20s           2026-06-11T02:11:45
================================================================================
[2026-06-11T02:12:24.525+0000] {manager.py:738} INFO - Searching for files in /opt/airflow/dags
[2026-06-11T02:12:24.606+0000] {manager.py:741} INFO - There are 1 files in /opt/airflow/dags
[2026-06-11T02:12:44.836+0000] {manager.py:879} INFO - 
================================================================================
DAG File Processing Stats

File Path                          PID    Runtime      # DAGs    # Errors  Last Runtime    Last Run
---------------------------------  -----  ---------  --------  ----------  --------------  -------------------
/opt/airflow/dags/followup_dag.py                           2           0  0.23s           2026-06-11T02:12:15
================================================================================
[2026-06-11T02:13:15.039+0000] {manager.py:879} INFO - 
================================================================================
DAG File Processing Stats

File Path                          PID    Runtime      # DAGs    # Errors  Last Runtime    Last Run
---------------------------------  -----  ---------  --------  ----------  --------------  -------------------
/opt/airflow/dags/followup_dag.py                           2           0  0.29s           2026-06-11T02:12:46
================================================================================
[2026-06-11T02:13:45.603+0000] {manager.py:879} INFO - 
================================================================================
DAG File Processing Stats

File Path                          PID    Runtime      # DAGs    # Errors  Last Runtime    Last Run
---------------------------------  -----  ---------  --------  ----------  --------------  -------------------
/opt/airflow/dags/followup_dag.py                           2           0  0.23s           2026-06-11T02:13:16
================================================================================
[2026-06-11T02:14:16.039+0000] {manager.py:879} INFO - 
================================================================================
DAG File Processing Stats

File Path                          PID    Runtime      # DAGs    # Errors  Last Runtime    Last Run
---------------------------------  -----  ---------  --------  ----------  --------------  -------------------
/opt/airflow/dags/followup_dag.py                           2           0  0.27s           2026-06-11T02:13:46
================================================================================
[2026-06-11T02:14:46.293+0000] {manager.py:879} INFO - 
================================================================================
DAG File Processing Stats

File Path                          PID    Runtime      # DAGs    # Errors  Last Runtime    Last Run
---------------------------------  -----  ---------  --------  ----------  --------------  -------------------
/opt/airflow/dags/followup_dag.py                           2           0  0.17s           2026-06-11T02:14:17
================================================================================
[2026-06-11T02:15:16.640+0000] {manager.py:879} INFO - 
================================================================================
DAG File Processing Stats

File Path                          PID    Runtime      # DAGs    # Errors  Last Runtime    Last Run
---------------------------------  -----  ---------  --------  ----------  --------------  -------------------
/opt/airflow/dags/followup_dag.py                           2           0  0.16s           2026-06-11T02:14:47
================================================================================
[2026-06-11T02:15:46.912+0000] {manager.py:879} INFO - 
================================================================================
DAG File Processing Stats

File Path                          PID    Runtime      # DAGs    # Errors  Last Runtime    Last Run
---------------------------------  -----  ---------  --------  ----------  --------------  -------------------
/opt/airflow/dags/followup_dag.py                           2           0  0.17s           2026-06-11T02:15:17
================================================================================
[2026-06-11T02:16:17.207+0000] {manager.py:879} INFO - 
================================================================================
DAG File Processing Stats

File Path                          PID    Runtime      # DAGs    # Errors  Last Runtime    Last Run
---------------------------------  -----  ---------  --------  ----------  --------------  -------------------
/opt/airflow/dags/followup_dag.py                           2           0  0.16s           2026-06-11T02:15:48
================================================================================
[2026-06-11T02:16:47.467+0000] {manager.py:879} INFO - 
================================================================================
DAG File Processing Stats

File Path                          PID    Runtime      # DAGs    # Errors  Last Runtime    Last Run
---------------------------------  -----  ---------  --------  ----------  --------------  -------------------
/opt/airflow/dags/followup_dag.py                           2           0  0.13s           2026-06-11T02:16:18
================================================================================
[2026-06-11T02:17:17.705+0000] {manager.py:879} INFO - 
================================================================================
DAG File Processing Stats

File Path                          PID    Runtime      # DAGs    # Errors  Last Runtime    Last Run
---------------------------------  -----  ---------  --------  ----------  --------------  -------------------
/opt/airflow/dags/followup_dag.py                           2           0  0.20s           2026-06-11T02:16:48
================================================================================
[2026-06-11T02:17:24.912+0000] {manager.py:738} INFO - Searching for files in /opt/airflow/dags
[2026-06-11T02:17:24.939+0000] {manager.py:741} INFO - There are 1 files in /opt/airflow/dags
[2026-06-11T02:17:48.153+0000] {manager.py:879} INFO - 
================================================================================
DAG File Processing Stats

File Path                          PID    Runtime      # DAGs    # Errors  Last Runtime    Last Run
---------------------------------  -----  ---------  --------  ----------  --------------  -------------------
/opt/airflow/dags/followup_dag.py                           2           0  0.16s           2026-06-11T02:17:18
================================================================================
[2026-06-11T02:18:18.426+0000] {manager.py:879} INFO - 
================================================================================
DAG File Processing Stats

File Path                          PID    Runtime      # DAGs    # Errors  Last Runtime    Last Run
---------------------------------  -----  ---------  --------  ----------  --------------  -------------------
/opt/airflow/dags/followup_dag.py                           2           0  0.12s           2026-06-11T02:17:49
================================================================================
[2026-06-11T02:18:48.749+0000] {manager.py:879} INFO - 
================================================================================
DAG File Processing Stats

File Path                          PID    Runtime      # DAGs    # Errors  Last Runtime    Last Run
---------------------------------  -----  ---------  --------  ----------  --------------  -------------------
/opt/airflow/dags/followup_dag.py                           2           0  0.14s           2026-06-11T02:18:19
================================================================================
[2026-06-11T02:19:18.998+0000] {manager.py:879} INFO - 
================================================================================
DAG File Processing Stats

File Path                          PID    Runtime      # DAGs    # Errors  Last Runtime    Last Run
---------------------------------  -----  ---------  --------  ----------  --------------  -------------------
/opt/airflow/dags/followup_dag.py                           2           0  0.14s           2026-06-11T02:18:49
================================================================================
[2026-06-11T02:19:49.319+0000] {manager.py:879} INFO - 
================================================================================
DAG File Processing Stats

File Path                          PID    Runtime      # DAGs    # Errors  Last Runtime    Last Run
---------------------------------  -----  ---------  --------  ----------  --------------  -------------------
/opt/airflow/dags/followup_dag.py                           2           0  0.13s           2026-06-11T02:19:20
================================================================================
[2026-06-11T02:20:19.581+0000] {manager.py:879} INFO - 
================================================================================
DAG File Processing Stats

File Path                          PID    Runtime      # DAGs    # Errors  Last Runtime    Last Run
---------------------------------  -----  ---------  --------  ----------  --------------  -------------------
/opt/airflow/dags/followup_dag.py                           2           0  0.15s           2026-06-11T02:19:50
================================================================================
[2026-06-11T02:20:49.937+0000] {manager.py:879} INFO - 
================================================================================
DAG File Processing Stats

File Path                          PID    Runtime      # DAGs    # Errors  Last Runtime    Last Run
---------------------------------  -----  ---------  --------  ----------  --------------  -------------------
/opt/airflow/dags/followup_dag.py                           2           0  0.14s           2026-06-11T02:20:20
================================================================================
[2026-06-11T02:21:20.201+0000] {manager.py:879} INFO - 
================================================================================
DAG File Processing Stats

File Path                          PID    Runtime      # DAGs    # Errors  Last Runtime    Last Run
---------------------------------  -----  ---------  --------  ----------  --------------  -------------------
/opt/airflow/dags/followup_dag.py                           2           0  0.12s           2026-06-11T02:20:51
================================================================================
[2026-06-11T02:21:50.508+0000] {manager.py:879} INFO - 
================================================================================
DAG File Processing Stats

File Path                          PID    Runtime      # DAGs    # Errors  Last Runtime    Last Run
---------------------------------  -----  ---------  --------  ----------  --------------  -------------------
/opt/airflow/dags/followup_dag.py                           2           0  0.14s           2026-06-11T02:21:21
================================================================================
[2026-06-11T02:22:20.777+0000] {manager.py:879} INFO - 
================================================================================
DAG File Processing Stats

File Path                          PID    Runtime      # DAGs    # Errors  Last Runtime    Last Run
---------------------------------  -----  ---------  --------  ----------  --------------  -------------------
/opt/airflow/dags/followup_dag.py                           2           0  0.15s           2026-06-11T02:21:51
================================================================================
[2026-06-11T02:22:24.961+0000] {manager.py:738} INFO - Searching for files in /opt/airflow/dags
[2026-06-11T02:22:24.977+0000] {manager.py:741} INFO - There are 1 files in /opt/airflow/dags
[2026-06-11T02:22:51.048+0000] {manager.py:879} INFO - 
================================================================================
DAG File Processing Stats

File Path                          PID    Runtime      # DAGs    # Errors  Last Runtime    Last Run
---------------------------------  -----  ---------  --------  ----------  --------------  -------------------
/opt/airflow/dags/followup_dag.py                           2           0  0.16s           2026-06-11T02:22:21
================================================================================
[2026-06-11T02:23:21.304+0000] {manager.py:879} INFO - 
================================================================================
DAG File Processing Stats

File Path                          PID    Runtime      # DAGs    # Errors  Last Runtime    Last Run
---------------------------------  -----  ---------  --------  ----------  --------------  -------------------
/opt/airflow/dags/followup_dag.py                           2           0  0.14s           2026-06-11T02:22:52
================================================================================
[2026-06-11T02:23:51.490+0000] {manager.py:879} INFO - 
================================================================================
DAG File Processing Stats

File Path                          PID    Runtime      # DAGs    # Errors  Last Runtime    Last Run
---------------------------------  -----  ---------  --------  ----------  --------------  -------------------
/opt/airflow/dags/followup_dag.py                           2           0  0.13s           2026-06-11T02:23:22
================================================================================
[2026-06-11T02:24:21.758+0000] {manager.py:879} INFO - 
================================================================================
DAG File Processing Stats

File Path                          PID    Runtime      # DAGs    # Errors  Last Runtime    Last Run
---------------------------------  -----  ---------  --------  ----------  --------------  -------------------
/opt/airflow/dags/followup_dag.py                           2           0  0.16s           2026-06-11T02:23:52
================================================================================
[2026-06-11T02:24:51.997+0000] {manager.py:879} INFO - 
================================================================================
DAG File Processing Stats

File Path                          PID    Runtime      # DAGs    # Errors  Last Runtime    Last Run
---------------------------------  -----  ---------  --------  ----------  --------------  -------------------
/opt/airflow/dags/followup_dag.py                           2           0  0.22s           2026-06-11T02:24:22
================================================================================
[2026-06-11T02:25:22.323+0000] {manager.py:879} INFO - 
================================================================================
DAG File Processing Stats

File Path                          PID    Runtime      # DAGs    # Errors  Last Runtime    Last Run
---------------------------------  -----  ---------  --------  ----------  --------------  -------------------
/opt/airflow/dags/followup_dag.py                           2           0  0.23s           2026-06-11T02:24:53
================================================================================
[2026-06-11T02:25:52.550+0000] {manager.py:879} INFO - 
================================================================================
DAG File Processing Stats

File Path                          PID    Runtime      # DAGs    # Errors  Last Runtime    Last Run
---------------------------------  -----  ---------  --------  ----------  --------------  -------------------
/opt/airflow/dags/followup_dag.py                           2           0  0.18s           2026-06-11T02:25:23
================================================================================
[2026-06-11T02:26:24.961+0000] {manager.py:879} INFO - 
================================================================================
DAG File Processing Stats

File Path                          PID    Runtime      # DAGs    # Errors  Last Runtime    Last Run
---------------------------------  -----  ---------  --------  ----------  --------------  -------------------
/opt/airflow/dags/followup_dag.py                           2           0  0.18s           2026-06-11T02:26:24
================================================================================
[2026-06-11T02:26:58.030+0000] {manager.py:879} INFO - 
================================================================================
DAG File Processing Stats

File Path                          PID    Runtime      # DAGs    # Errors  Last Runtime    Last Run
---------------------------------  -----  ---------  --------  ----------  --------------  -------------------
/opt/airflow/dags/followup_dag.py                           2           0  0.18s           2026-06-11T02:26:55
================================================================================
[2026-06-11T02:27:25.250+0000] {manager.py:738} INFO - Searching for files in /opt/airflow/dags
[2026-06-11T02:27:25.298+0000] {manager.py:741} INFO - There are 1 files in /opt/airflow/dags
[2026-06-11T02:27:28.357+0000] {manager.py:879} INFO - 
================================================================================
DAG File Processing Stats

File Path                          PID    Runtime      # DAGs    # Errors  Last Runtime    Last Run
---------------------------------  -----  ---------  --------  ----------  --------------  -------------------
/opt/airflow/dags/followup_dag.py                           2           0  0.14s           2026-06-11T02:27:25
================================================================================
[2026-06-11T02:44:46.292+0000] {manager.py:738} INFO - Searching for files in /opt/airflow/dags
[2026-06-11T02:44:46.953+0000] {manager.py:741} INFO - There are 1 files in /opt/airflow/dags
[2026-06-11T03:09:16.214+0000] {manager.py:738} INFO - Searching for files in /opt/airflow/dags
[2026-06-11T03:09:18.939+0000] {manager.py:741} INFO - There are 1 files in /opt/airflow/dags
[2026-06-11T04:02:03.105+0000] {manager.py:738} INFO - Searching for files in /opt/airflow/dags
[2026-06-11T04:02:03.332+0000] {manager.py:741} INFO - There are 1 files in /opt/airflow/dags
[2026-06-11T04:02:03.407+0000] {manager.py:1201} ERROR - Processor for /opt/airflow/dags/followup_dag.py with PID 717 started at 2026-06-11T03:09:19.073316+00:00 has timed out, killing it.
[2026-06-11T04:02:03.448+0000] {manager.py:879} INFO - 
================================================================================
DAG File Processing Stats

File Path                          PID    Runtime      # DAGs    # Errors  Last Runtime    Last Run
---------------------------------  -----  ---------  --------  ----------  --------------  -------------------
/opt/airflow/dags/followup_dag.py                           0           1  3164.33s        2026-06-11T04:02:03
================================================================================
[2026-06-11T04:02:33.725+0000] {manager.py:879} INFO - 
================================================================================
DAG File Processing Stats

File Path                            PID  Runtime      # DAGs    # Errors  Last Runtime    Last Run
---------------------------------  -----  ---------  --------  ----------  --------------  -------------------
/opt/airflow/dags/followup_dag.py    723  0.05s             0           1  3164.33s        2026-06-11T04:02:03
================================================================================
[2026-06-11T04:03:03.957+0000] {manager.py:879} INFO - 
================================================================================
DAG File Processing Stats

File Path                          PID    Runtime      # DAGs    # Errors  Last Runtime    Last Run
---------------------------------  -----  ---------  --------  ----------  --------------  -------------------
/opt/airflow/dags/followup_dag.py                           2           0  9.67s           2026-06-11T04:02:43
================================================================================
[2026-06-11T04:03:34.336+0000] {manager.py:879} INFO - 
================================================================================
DAG File Processing Stats

File Path                          PID    Runtime      # DAGs    # Errors  Last Runtime    Last Run
---------------------------------  -----  ---------  --------  ----------  --------------  -------------------
/opt/airflow/dags/followup_dag.py                           2           0  0.53s           2026-06-11T04:03:14
================================================================================
[2026-06-11T04:04:04.869+0000] {manager.py:879} INFO - 
================================================================================
DAG File Processing Stats

File Path                          PID    Runtime      # DAGs    # Errors  Last Runtime    Last Run
---------------------------------  -----  ---------  --------  ----------  --------------  -------------------
/opt/airflow/dags/followup_dag.py                           2           0  0.29s           2026-06-11T04:03:44
================================================================================
[2026-06-11T04:04:35.172+0000] {manager.py:879} INFO - 
================================================================================
DAG File Processing Stats

File Path                          PID    Runtime      # DAGs    # Errors  Last Runtime    Last Run
---------------------------------  -----  ---------  --------  ----------  --------------  -------------------
/opt/airflow/dags/followup_dag.py                           2           0  0.19s           2026-06-11T04:04:15
================================================================================
[2026-06-11T04:05:05.647+0000] {manager.py:879} INFO - 
================================================================================
DAG File Processing Stats

File Path                          PID    Runtime      # DAGs    # Errors  Last Runtime    Last Run
---------------------------------  -----  ---------  --------  ----------  --------------  -------------------
/opt/airflow/dags/followup_dag.py                           2           0  0.30s           2026-06-11T04:04:45
================================================================================
[2026-06-11T04:05:36.048+0000] {manager.py:879} INFO - 
================================================================================
DAG File Processing Stats

File Path                          PID    Runtime      # DAGs    # Errors  Last Runtime    Last Run
---------------------------------  -----  ---------  --------  ----------  --------------  -------------------
/opt/airflow/dags/followup_dag.py                           2           0  0.19s           2026-06-11T04:05:15
================================================================================
[2026-06-11T04:06:06.398+0000] {manager.py:879} INFO - 
================================================================================
DAG File Processing Stats

File Path                          PID    Runtime      # DAGs    # Errors  Last Runtime    Last Run
---------------------------------  -----  ---------  --------  ----------  --------------  -------------------
/opt/airflow/dags/followup_dag.py                           2           0  0.23s           2026-06-11T04:05:46
================================================================================
[2026-06-11T04:06:36.659+0000] {manager.py:879} INFO - 
================================================================================
DAG File Processing Stats

File Path                          PID    Runtime      # DAGs    # Errors  Last Runtime    Last Run
---------------------------------  -----  ---------  --------  ----------  --------------  -------------------
/opt/airflow/dags/followup_dag.py                           2           0  0.15s           2026-06-11T04:06:16
================================================================================
[2026-06-11T04:07:03.198+0000] {manager.py:738} INFO - Searching for files in /opt/airflow/dags
[2026-06-11T04:07:03.266+0000] {manager.py:741} INFO - There are 1 files in /opt/airflow/dags
[2026-06-11T04:07:07.049+0000] {manager.py:879} INFO - 
================================================================================
DAG File Processing Stats

File Path                          PID    Runtime      # DAGs    # Errors  Last Runtime    Last Run
---------------------------------  -----  ---------  --------  ----------  --------------  -------------------
/opt/airflow/dags/followup_dag.py                           2           0  0.28s           2026-06-11T04:06:47
================================================================================
[2026-06-11T04:07:37.625+0000] {manager.py:879} INFO - 
================================================================================
DAG File Processing Stats

File Path                          PID    Runtime      # DAGs    # Errors  Last Runtime    Last Run
---------------------------------  -----  ---------  --------  ----------  --------------  -------------------
/opt/airflow/dags/followup_dag.py                           2           0  0.31s           2026-06-11T04:07:17
================================================================================
[2026-06-11T04:08:07.894+0000] {manager.py:879} INFO - 
================================================================================
DAG File Processing Stats

File Path                          PID    Runtime      # DAGs    # Errors  Last Runtime    Last Run
---------------------------------  -----  ---------  --------  ----------  --------------  -------------------
/opt/airflow/dags/followup_dag.py                           2           0  0.26s           2026-06-11T04:07:47
================================================================================
[2026-06-11T04:08:38.405+0000] {manager.py:879} INFO - 
================================================================================
DAG File Processing Stats

File Path                          PID    Runtime      # DAGs    # Errors  Last Runtime    Last Run
---------------------------------  -----  ---------  --------  ----------  --------------  -------------------
/opt/airflow/dags/followup_dag.py                           2           0  0.36s           2026-06-11T04:08:18
================================================================================
[2026-06-11T04:09:08.992+0000] {manager.py:879} INFO - 
================================================================================
DAG File Processing Stats

File Path                          PID    Runtime      # DAGs    # Errors  Last Runtime    Last Run
---------------------------------  -----  ---------  --------  ----------  --------------  -------------------
/opt/airflow/dags/followup_dag.py                           2           0  0.24s           2026-06-11T04:08:49
================================================================================
[2026-06-11T04:09:39.209+0000] {manager.py:879} INFO - 
================================================================================
DAG File Processing Stats

File Path                          PID    Runtime      # DAGs    # Errors  Last Runtime    Last Run
---------------------------------  -----  ---------  --------  ----------  --------------  -------------------
/opt/airflow/dags/followup_dag.py                           2           0  0.15s           2026-06-11T04:09:19
================================================================================
[2026-06-11T04:10:09.529+0000] {manager.py:879} INFO - 
================================================================================
DAG File Processing Stats

File Path                          PID    Runtime      # DAGs    # Errors  Last Runtime    Last Run
---------------------------------  -----  ---------  --------  ----------  --------------  -------------------
/opt/airflow/dags/followup_dag.py                           2           0  0.20s           2026-06-11T04:09:49
================================================================================
[2026-06-11T04:10:39.819+0000] {manager.py:879} INFO - 
================================================================================
DAG File Processing Stats

File Path                          PID    Runtime      # DAGs    # Errors  Last Runtime    Last Run
---------------------------------  -----  ---------  --------  ----------  --------------  -------------------
/opt/airflow/dags/followup_dag.py                           2           0  0.18s           2026-06-11T04:10:19
================================================================================
[2026-06-11T04:11:10.108+0000] {manager.py:879} INFO - 
================================================================================
DAG File Processing Stats

File Path                          PID    Runtime      # DAGs    # Errors  Last Runtime    Last Run
---------------------------------  -----  ---------  --------  ----------  --------------  -------------------
/opt/airflow/dags/followup_dag.py                           2           0  0.20s           2026-06-11T04:10:50
================================================================================
[2026-06-11T04:11:40.508+0000] {manager.py:879} INFO - 
================================================================================
DAG File Processing Stats

File Path                          PID    Runtime      # DAGs    # Errors  Last Runtime    Last Run
---------------------------------  -----  ---------  --------  ----------  --------------  -------------------
/opt/airflow/dags/followup_dag.py                           2           0  0.20s           2026-06-11T04:11:20
================================================================================
[2026-06-11T04:12:03.754+0000] {manager.py:738} INFO - Searching for files in /opt/airflow/dags
[2026-06-11T04:12:03.786+0000] {manager.py:741} INFO - There are 1 files in /opt/airflow/dags
[2026-06-11T04:12:10.866+0000] {manager.py:879} INFO - 
================================================================================
DAG File Processing Stats

File Path                          PID    Runtime      # DAGs    # Errors  Last Runtime    Last Run
---------------------------------  -----  ---------  --------  ----------  --------------  -------------------
/opt/airflow/dags/followup_dag.py                           2           0  0.18s           2026-06-11T04:11:50
================================================================================
[2026-06-11T04:12:41.172+0000] {manager.py:879} INFO - 
================================================================================
DAG File Processing Stats

File Path                          PID    Runtime      # DAGs    # Errors  Last Runtime    Last Run
---------------------------------  -----  ---------  --------  ----------  --------------  -------------------
/opt/airflow/dags/followup_dag.py                           2           0  0.18s           2026-06-11T04:12:21
================================================================================
[2026-06-11T04:13:11.528+0000] {manager.py:879} INFO - 
================================================================================
DAG File Processing Stats

File Path                          PID    Runtime      # DAGs    # Errors  Last Runtime    Last Run
---------------------------------  -----  ---------  --------  ----------  --------------  -------------------
/opt/airflow/dags/followup_dag.py                           2           0  0.17s           2026-06-11T04:12:51
================================================================================
[2026-06-11T04:13:41.887+0000] {manager.py:879} INFO - 
================================================================================
DAG File Processing Stats

File Path                          PID    Runtime      # DAGs    # Errors  Last Runtime    Last Run
---------------------------------  -----  ---------  --------  ----------  --------------  -------------------
/opt/airflow/dags/followup_dag.py                           2           0  0.37s           2026-06-11T04:13:22
================================================================================
[2026-06-11T04:14:11.906+0000] {manager.py:879} INFO - 
================================================================================
DAG File Processing Stats

File Path                          PID    Runtime      # DAGs    # Errors  Last Runtime    Last Run
---------------------------------  -----  ---------  --------  ----------  --------------  -------------------
/opt/airflow/dags/followup_dag.py                           2           0  0.43s           2026-06-11T04:13:52
================================================================================
[2026-06-11T04:14:42.220+0000] {manager.py:879} INFO - 
================================================================================
DAG File Processing Stats

File Path                          PID    Runtime      # DAGs    # Errors  Last Runtime    Last Run
---------------------------------  -----  ---------  --------  ----------  --------------  -------------------
/opt/airflow/dags/followup_dag.py                           2           0  0.25s           2026-06-11T04:14:23
================================================================================
[2026-06-11T08:15:03.892+0000] {manager.py:738} INFO - Searching for files in /opt/airflow/dags
[2026-06-11T08:15:04.158+0000] {manager.py:741} INFO - There are 1 files in /opt/airflow/dags
[2026-06-11T08:15:07.289+0000] {manager.py:879} INFO - 
================================================================================
DAG File Processing Stats

File Path                          PID    Runtime      # DAGs    # Errors  Last Runtime    Last Run
---------------------------------  -----  ---------  --------  ----------  --------------  -------------------
/opt/airflow/dags/followup_dag.py                           2           0  1.09s           2026-06-11T08:15:05
================================================================================
[2026-06-11T10:49:10.810+0000] {manager.py:738} INFO - Searching for files in /opt/airflow/dags
[2026-06-11T10:49:11.434+0000] {manager.py:741} INFO - There are 1 files in /opt/airflow/dags
[2026-06-11T10:49:32.359+0000] {manager.py:879} INFO - 
================================================================================
DAG File Processing Stats

File Path                          PID    Runtime      # DAGs    # Errors  Last Runtime    Last Run
---------------------------------  -----  ---------  --------  ----------  --------------  -------------------
/opt/airflow/dags/followup_dag.py                           2           0  0.99s           2026-06-11T10:49:12
================================================================================
[2026-06-11T10:50:02.604+0000] {manager.py:879} INFO - 
================================================================================
DAG File Processing Stats

File Path                          PID    Runtime      # DAGs    # Errors  Last Runtime    Last Run
---------------------------------  -----  ---------  --------  ----------  --------------  -------------------
/opt/airflow/dags/followup_dag.py                           2           0  0.32s           2026-06-11T10:49:43
================================================================================
[2026-06-11T10:50:33.110+0000] {manager.py:879} INFO - 
================================================================================
DAG File Processing Stats

File Path                          PID    Runtime      # DAGs    # Errors  Last Runtime    Last Run
---------------------------------  -----  ---------  --------  ----------  --------------  -------------------
/opt/airflow/dags/followup_dag.py                           2           0  0.23s           2026-06-11T10:50:14
================================================================================
[2026-06-11T10:51:03.568+0000] {manager.py:879} INFO - 
================================================================================
DAG File Processing Stats

File Path                          PID    Runtime      # DAGs    # Errors  Last Runtime    Last Run
---------------------------------  -----  ---------  --------  ----------  --------------  -------------------
/opt/airflow/dags/followup_dag.py                           2           0  0.26s           2026-06-11T10:50:44
================================================================================
[2026-06-11T10:51:34.195+0000] {manager.py:879} INFO - 
================================================================================
DAG File Processing Stats

File Path                          PID    Runtime      # DAGs    # Errors  Last Runtime    Last Run
---------------------------------  -----  ---------  --------  ----------  --------------  -------------------
/opt/airflow/dags/followup_dag.py                           2           0  0.29s           2026-06-11T10:51:15
================================================================================
[2026-06-11T10:52:04.706+0000] {manager.py:879} INFO - 
================================================================================
DAG File Processing Stats

File Path                          PID    Runtime      # DAGs    # Errors  Last Runtime    Last Run
---------------------------------  -----  ---------  --------  ----------  --------------  -------------------
/opt/airflow/dags/followup_dag.py                           2           0  0.27s           2026-06-11T10:51:45
================================================================================
[2026-06-11T10:52:35.192+0000] {manager.py:879} INFO - 
================================================================================
DAG File Processing Stats

File Path                          PID    Runtime      # DAGs    # Errors  Last Runtime    Last Run
---------------------------------  -----  ---------  --------  ----------  --------------  -------------------
/opt/airflow/dags/followup_dag.py                           2           0  0.17s           2026-06-11T10:52:16
================================================================================
[2026-06-11T10:53:05.621+0000] {manager.py:879} INFO - 
================================================================================
DAG File Processing Stats

File Path                          PID    Runtime      # DAGs    # Errors  Last Runtime    Last Run
---------------------------------  -----  ---------  --------  ----------  --------------  -------------------
/opt/airflow/dags/followup_dag.py                           2           0  0.37s           2026-06-11T10:52:46
================================================================================
[2026-06-11T10:53:35.912+0000] {manager.py:879} INFO - 
================================================================================
DAG File Processing Stats

File Path                          PID    Runtime      # DAGs    # Errors  Last Runtime    Last Run
---------------------------------  -----  ---------  --------  ----------  --------------  -------------------
/opt/airflow/dags/followup_dag.py                           2           0  0.15s           2026-06-11T10:53:16
================================================================================
[2026-06-11T10:54:06.338+0000] {manager.py:879} INFO - 
================================================================================
DAG File Processing Stats

File Path                          PID    Runtime      # DAGs    # Errors  Last Runtime    Last Run
---------------------------------  -----  ---------  --------  ----------  --------------  -------------------
/opt/airflow/dags/followup_dag.py                           2           0  0.24s           2026-06-11T10:53:47
================================================================================
[2026-06-11T10:54:11.373+0000] {manager.py:738} INFO - Searching for files in /opt/airflow/dags
[2026-06-11T10:54:11.412+0000] {manager.py:741} INFO - There are 1 files in /opt/airflow/dags
[2026-06-11T10:54:36.707+0000] {manager.py:879} INFO - 
================================================================================
DAG File Processing Stats

File Path                          PID    Runtime      # DAGs    # Errors  Last Runtime    Last Run
---------------------------------  -----  ---------  --------  ----------  --------------  -------------------
/opt/airflow/dags/followup_dag.py                           2           0  0.27s           2026-06-11T10:54:17
================================================================================
[2026-06-11T10:54:42.373+0000] {manager.py:451} INFO - Exiting gracefully upon receiving signal 15
